model,acc,f1,auc
knn,0.91725,0.91725,0.9776772569444444
logreg,0.90025,0.90025,0.9901201388888888
rf,0.912,0.912,0.9935512152777776
mlp,0.93575,0.93575,0.9964690972222224
xgb,0.932,0.932,0.9965841666666666
mlp,0.93575,0.93575,0.9964690972222223
